<?xml version="1.0" encoding="UTF-8"?>
<project-private xmlns="http://www.netbeans.org/ns/project-private/1">
    <editor-bookmarks xmlns="http://www.netbeans.org/ns/editor-bookmarks/2" lastBookmarkId="0"/>
    <open-files xmlns="http://www.netbeans.org/ns/projectui-open-files/2">
        <group>
            <file>file:/C:/Users/ECsens/MPLABXProjects/AS3955pea2021_v3.X/main.c</file>
            <file>file:/C:/Users/ECsens/MPLABXProjects/AS3955pea2021_v3.X/mcc_generated_files/spi.c</file>
            <file>file:/C:/Users/ECsens/MPLABXProjects/AS3955pea2021_v3.X/mcc_generated_files/pin_manager.c</file>
            <file>file:/C:/Users/ECsens/MPLABXProjects/AS3955pea2021_v3.X/S11059pea.c</file>
            <file>file:/C:/Users/ECsens/MPLABXProjects/AS3955pea2021_v3.X/mcc_generated_files/mcc.c</file>
            <file>file:/C:/Users/ECsens/MPLABXProjects/AS3955pea2021_v3.X/S11059pea.h</file>
            <file>file:/C:/Users/ECsens/MPLABXProjects/AS3955pea2021_v3.X/AS3955pea.c</file>
        </group>
    </open-files>
</project-private>
